model,acc,macro_f1,per_class_f1
TF-IDF + LogReg,0.9872122762148338,0.9873246211095313,"[0.9935483870967742, 0.9871794871794872, 0.9873417721518988, 1.0, 0.9685534591194969]"
TF-IDF + Linear SVM,0.989769820971867,0.9898547642166156,"[0.9935483870967742, 0.9871794871794872, 0.9813664596273292, 1.0, 0.9871794871794872]"
Frozen BERTurk + LogReg,0.7800511508951407,0.7802005693586531,
BERTurk (full FT),0.9948849104859335,0.9949040450834976,
XLM-R (full FT),0.9923273657289002,0.9923728130291058,
