noise_rate,test_macro_f1
0.0,0.9949040450834976
0.05,0.8977673599083902
0.1,0.8310828507733831
0.2,0.6055484193414562
0.3,0.44490661718487495
