lr,batch_size,best_val_macro_f1
2e-05,16,0.9923552522746071
2e-05,32,0.9923227676171118
5e-05,16,0.9923069626918808
5e-05,32,0.989775941371211
