{
  "logreg": {
    "acc": 0.9872122762148338,
    "macro_f1": 0.9873246211095313,
    "per_class_f1": [
      0.9935483870967742,
      0.9871794871794872,
      0.9873417721518988,
      1.0,
      0.9685534591194969
    ]
  },
  "svm": {
    "acc": 0.989769820971867,
    "macro_f1": 0.9898547642166156,
    "per_class_f1": [
      0.9935483870967742,
      0.9871794871794872,
      0.9813664596273292,
      1.0,
      0.9871794871794872
    ]
  }
}